"SampleID","PC1","PC2","PC3"
"ADNI_2026",-1.57453998310013,2.7972356240401,0.781153129361706
"ADNI_2027",1.81675625584212,0.166772779311862,0.562421284753335
"ADNI_2031",-0.512708089634542,1.14785360674216,-0.552708661579605
"ADNI_2042",0.738298834854654,0.739955231122373,-0.161412633577396
"ADNI_2045",1.45527592961785,0.22314776679839,0.432112538328866
"ADNI_2047",-1.12402297747365,0.986325290025325,-2.08046821897552
"ADNI_2055",-1.3233099762442,2.24009160312264,-0.348242609530328
"ADNI_2058",-1.32488078313981,0.332745425480636,0.222348056609733
"ADNI_2060",-4.36972302445607,3.29876938483754,0.332935259899171
"ADNI_2061",2.12116405417906,-0.148491190233771,0.897592056387724
"ADNI_2063",0.578871266637399,0.567859452005067,-0.267254290753947
"ADNI_2070",2.06161063247057,-0.0672027890581053,0.842616820331315
"ADNI_2072",0.49738869179777,1.0741518472632,-0.817642912504702
"ADNI_2074",1.76435390437017,0.102151389575657,0.526080811810774
"ADNI_2083",-6.51274262858655,2.9504770172154,0.749002315423642
"ADNI_2087",0.595926163026207,1.17707298258968,-0.579230294953013
"ADNI_2093",1.99397689241696,-0.00891415188282797,0.811268227611056
"ADNI_2099",-0.152878157817259,1.81060187469307,-0.346201087074667
"ADNI_2109",-0.385301885163244,1.99861934476861,-1.24310213250002
"ADNI_2116",1.93946180196731,-0.0489552121147964,0.952077070411077
"ADNI_2121",2.00178972271465,-0.015862707934585,0.80288750233788
"ADNI_2123",1.76387591419444,0.324742362451015,0.612394066414893
"ADNI_2130",0.307365769328973,1.7737503663556,-0.498687419186226
"ADNI_2133",1.89712860541713,0.182878837720166,0.57845387712226
"ADNI_2148",0.153980899217908,1.11710862163242,-0.338895337080773
"ADNI_2151",1.08604536687153,1.22424180858012,-0.362351680172002
"ADNI_2153",1.72075662331132,0.24727693182756,0.563658153945516
"ADNI_2155",0.0565018815139006,1.74047023804204,-1.18970790196259
"ADNI_2164",1.45950039457996,0.672865630536239,0.356298616104239
"ADNI_2167",0.226539232796112,1.17067844860632,-0.479583934797654
"ADNI_2168",0.723377131858856,1.27978524864666,-0.302127757772022
"ADNI_2171",0.863522946893535,1.04319799139179,-0.164409008445148
"ADNI_2182",1.7832049472936,0.324724544170075,0.461871063451876
"ADNI_2187",2.10646157899964,-0.130714107230995,0.883188315543338
"ADNI_2190",1.34664271135646,0.547950948187567,0.262180930784922
"ADNI_2193",0.879888697510132,0.724119419604309,-0.157154339224869
"ADNI_2195",1.72054263544642,0.0979617433183863,0.549972762698172
"ADNI_2196",0.417114532878238,1.46008983833493,0.259387264434864
"ADNI_2199",-0.753760387761196,1.52424198002237,-0.32216787171137
"ADNI_2200",-0.488632178588558,0.0804935003122649,-0.796316412364431
"ADNI_2205",-3.87284471684437,2.70772186439352,-1.17911983780276
"ADNI_2208",0.764171353666587,0.993010943350095,-0.185951369479179
"ADNI_2210",-2.01358843195312,2.43685649664568,-0.327309164268049
"ADNI_2213",-0.0351383188992534,1.83708840074495,0.909106275453769
"ADNI_2216",0.222984784885789,0.91292161916648,0.0726205361618632
"ADNI_2219",-0.912154885537342,0.167043327160309,-1.03899891354725
"ADNI_2220",-0.141931225896525,1.50622258149413,-0.973851430485594
"ADNI_2225",1.56957443054695,0.377741033696129,0.516910083336258
"ADNI_2238",0.320649975532183,0.192781569003775,-0.38385433269086
"ADNI_2240",0.0996564649541077,1.83218632602126,-0.94988953591266
"ADNI_2247",0.722927485786459,1.12793765732085,-0.363108398269038
"ADNI_2248",-0.0087815012073846,1.84727725470564,-0.450263630310893
"ADNI_2249",-1.55406550654964,0.673091773360587,-0.165675952714458
"ADNI_2264",-0.00601391631114453,1.75981914611538,0.34049689662544
"ADNI_2274",1.05501375405545,1.13861046663571,-0.06263511416621
"ADNI_2284",0.127696435485116,1.18842641614251,-0.0477465962049943
"ADNI_2301",1.95353818510537,-0.0634966048094508,0.757928547667106
"ADNI_2307",-2.31939255121145,2.86413490595984,-0.0617722112990756
"ADNI_2308",1.40768390529419,0.650016171686522,0.21435313477618
"ADNI_2315",1.00242104424874,0.60823871177642,0.604747009066009
"ADNI_2316",-0.555142240916542,2.00298142007717,-0.743838340053459
"ADNI_2324",0.558951811211158,1.86109811896295,-0.598329681305566
"ADNI_2332",0.883139007102634,-0.0950060001881873,-0.0793183573705411
"ADNI_2333",1.21410421000413,0.577494360808084,0.127156722735321
"ADNI_2336",0.35940548444748,-0.529896084990776,0.510920846853746
"ADNI_2347",0.24388995432049,0.275918991115216,-0.469450788630649
"ADNI_2357",-3.3762259805963,2.39293542830304,-1.4642606236128
"ADNI_2360",0.830735854278701,-0.0788154548278672,0.0801220295204594
"ADNI_2363",1.6154679647495,0.6368240541538,0.288810833310797
"ADNI_2373",1.14206358458462,1.18845885163941,-0.46788060002739
"ADNI_2374",-1.25794265173531,1.26880815040891,-0.899305245015976
"ADNI_2379",1.76110222116624,0.306937369057544,0.51247286995438
"ADNI_2380",0.608191922099632,1.16994237984069,-0.110093934875432
"ADNI_2389",1.49568176424094,0.676329873321354,0.057787970100154
"ADNI_2390",-0.708762836152029,-0.594508190319962,-0.55367462773902
"ADNI_2391",0.907628382597972,1.1751458189134,0.187469091642666
"ADNI_2392",1.63868002324893,0.428106651257647,0.403474566511169
"ADNI_2394",-0.107604923765327,0.876389874344751,0.0249743132155306
"ADNI_2396",-1.42370466089774,2.68680869687637,-0.546439464197285
"ADNI_2398",1.64045828979881,0.025735306870469,0.563650071803208
"ADNI_2405",0.017703893068559,0.626417406098978,-0.440793417129281
"ADNI_2407",0.117818464893859,0.506721203421847,-0.546305289781961
"ADNI_4001",-2.34637937077468,1.54323564450519,-1.10676411570274
"ADNI_4003",0.534007736519056,0.628850100733851,-0.14670364697183
"ADNI_4004",1.52289021254276,0.363462547704366,0.578723406839448
"ADNI_4005",1.27445674796892,1.10404434940663,-0.132899400372018
"ADNI_4007",1.02920855958709,0.486639473041039,-0.0392808674368824
"ADNI_4009",-2.23762244639444,1.49181960278863,-1.10437179278335
"ADNI_4010",1.79253560922287,0.166082457139059,0.663432490859857
"ADNI_4015",1.25296668510529,0.620735790778748,0.681732675825658
"ADNI_4018",-0.271232498454726,1.30687840394142,-1.03939075298739
"ADNI_4020",0.802692468509625,1.21130506186878,0.147574365161281
"ADNI_4021",1.03456423907498,0.852208443630474,-0.280924758298197
"ADNI_4022",-2.08698270995874,1.44018984585314,-1.06373553131287
"ADNI_4024",1.24751714981935,0.9204127392984,-0.0746484886166743
"ADNI_4026",0.544608026699163,1.5068732645155,-0.0549581354439097
"ADNI_4028",0.881088895069081,0.988964991050658,-0.146303503055311
"ADNI_4029",1.42761074742376,0.915710793039121,0.0629913918575015
"ADNI_4032",0.917492640760582,1.31370317349852,-0.61532507447411
"ADNI_4034",0.655395167002228,1.33649189916777,0.0659125421843606
"ADNI_4035",-2.37452035414268,1.84362862106115,0.0293571786936369
"ADNI_4036",1.85302955534574,0.287031820725223,0.503518684914118
"ADNI_4037",1.88380898391323,-0.0560897187094712,0.746383884243214
"ADNI_4039",1.3964223034582,-0.0140508273506998,0.235843393212283
"ADNI_4042",1.96615458671192,-0.0191727250117872,0.758043062948563
"ADNI_4043",1.47998894119694,0.789570697736831,0.115523133081832
"ADNI_4057",1.08397515205948,1.10626125258983,-0.0122113015303806
"ADNI_4058",0.647945943281515,1.03877066412656,-0.321273519120116
"ADNI_4059",-0.122905799584461,0.60751005671484,-0.960365221341934
"ADNI_4060",-0.338337275724729,1.81722132605112,-0.499361158648359
"ADNI_4063",2.02327105738437,-0.0204988188404327,0.77306343921065
"ADNI_4066",1.84313601591306,0.100324967906409,0.74642826638979
"ADNI_4067",-5.68045634175582,3.33771077860564,1.69962855383062
"ADNI_4071",-7.68368388930464,-0.279568070819351,6.6753066563654
"ADNI_4073",-1.28642302566243,0.375825139837059,-1.18766045480661
"ADNI_4075",1.22163179963868,0.862247266322103,-0.0759063669949265
"ADNI_4076",1.73196662081804,0.169788633876631,0.769159528087544
"ADNI_4077",1.38777578854484,0.592415149401418,0.322924182939131
"ADNI_4079",0.884362308234718,1.05832413014025,-0.189961158635892
"ADNI_4080",1.23787262642436,0.492001226434153,0.604966778084838
"ADNI_4081",-0.898178063773987,0.355561940680875,-1.42583633057413
"ADNI_4082",0.121487169019744,1.35242788753677,-0.660746408697979
"ADNI_4084",1.14548743170868,1.01041157734702,-0.215824213171965
"ADNI_4089",-1.9884946857837,-0.178717951219535,-1.79927358945654
"ADNI_4090",1.21324587496126,1.03201847148455,-0.141777578717371
"ADNI_4092",-1.0174373709509,2.52218020686529,-0.970122458430663
"ADNI_4093",0.261522356289967,-0.717263891241035,0.44120891148974
"ADNI_4094",1.78501173652188,0.409197104938584,0.426572799806393
"ADNI_4096",-2.02161379828167,1.54024036516643,-0.425532490429053
"ADNI_4097",1.35944728107675,-0.164030465693146,0.408215267314698
"ADNI_4102",1.00770521437233,0.821127107313636,-0.0962394920199914
"ADNI_4103",1.61691711821848,0.367792967681403,0.497434503316972
"ADNI_4105",1.60835827794249,0.455695843537221,0.605571774610435
"ADNI_4114",2.0355110236623,-0.0282626909325887,0.835052046164115
"ADNI_4115",1.142235542759,1.07138863623309,-0.0948175235980492
"ADNI_4119",0.887513132851468,0.118093445076777,0.128751563636571
"ADNI_4120",0.572672560538926,1.28752792815585,-0.0993346769091584
"ADNI_4121",-1.50016710056751,0.56346777244071,-1.52475702212887
"ADNI_4122",1.7095596487193,0.393797955362016,0.642775259311177
"ADNI_4125",1.64402246123352,0.381537964437752,0.503113943008873
"ADNI_4127",1.90680466285499,-0.0798375747122805,0.911030511601272
"ADNI_4128",0.655835778196727,1.36011148189009,-0.403848388827873
"ADNI_4131",-9.41011411511623,3.24613863629235,2.23749567049562
"ADNI_4133",-0.53877228331278,1.02043687663779,-1.14911790595911
"ADNI_4134",1.01274525533781,0.890148125520147,-0.0331379641878823
"ADNI_4138",-5.92643701099807,2.84970437343129,1.81542222955808
"ADNI_4139",1.63614416833789,0.443737850609558,0.41071484771298
"ADNI_4143",0.965282241096574,1.06260491730004,0.235712329265821
"ADNI_4146",1.53125300171488,0.665274680583776,0.387465056461872
"ADNI_4148",0.631034100478806,-0.161464993031863,-0.280902640923479
"ADNI_4149",-1.21989112587926,2.819672586983,-1.5945808457103
"ADNI_4150",0.941212989479791,1.56604105816808,-0.556463119537607
"ADNI_4151",0.842162334795955,0.139985929170819,-0.182875368940039
"ADNI_4152",1.3022934529504,0.146576210630474,0.364080835936175
"ADNI_4153",0.187529411199323,1.80407132236013,-1.35289169986003
"ADNI_4157",-1.85968256271485,2.07215834948648,-0.0514148247079267
"ADNI_4158",1.51666307539962,0.305552559906654,0.59117985032821
"ADNI_4159",1.51364634367056,0.638417050434723,0.291939171076386
"ADNI_4160",1.38254447211112,0.339370616545163,0.275456328154099
"ADNI_4162",0.866221228506458,-0.449894606222152,0.417283949408521
"ADNI_4164",1.46538241662513,0.466966399250856,0.528958824013702
"ADNI_4167",1.52203481669644,0.335819035412479,0.197882192483124
"ADNI_4169",1.63606999997668,0.366577698863496,0.435200106576289
"ADNI_4170",1.8477907497069,0.18077532522951,0.680618005372199
"ADNI_4171",-0.00612996392512339,1.17265633132463,-1.2402576033515
"ADNI_4172",1.01135449999296,1.07679226579542,0.112529735325057
"ADNI_4173",1.47342341359552,0.622581045012337,0.232435327086273
"ADNI_4175",1.72882384849427,0.18288721963319,0.518999766656228
"ADNI_4179",-2.1430781265866,2.41011243346536,-1.08303968283741
"ADNI_4185",-0.77204267001404,-0.0120560055166766,-0.570715544030425
"ADNI_4186",0.964884802923287,0.738067333925074,0.107975316338048
"ADNI_4187",1.6317253052819,0.486897011423765,0.302444267709881
"ADNI_4188",0.501618622488885,1.75482585437566,-0.329138092236341
"ADNI_4192",-0.719897919320069,1.0164328980172,1.04372089199802
"ADNI_4194",1.02309784460851,0.955726175464125,-0.451587728236971
"ADNI_4195",1.96474548673466,-0.0285131874435743,0.73123650830007
"ADNI_4196",-1.43462800337929,1.92409079151323,-0.840823696743276
"ADNI_4197",-3.63766690315879,1.08230442784232,-1.35847380099943
"ADNI_4199",1.8886981097854,0.110321077625433,0.70804169175889
"ADNI_4200",1.22429154894202,0.283177823322234,0.916272754275162
"ADNI_4202",1.47512788699641,0.244350893204309,0.750684344020131
"ADNI_4205",-0.842193784289486,0.858311605279256,-0.42783703834264
"ADNI_4206",1.64431761213341,0.131493665241264,0.691150878540271
"ADNI_4208",1.27225327920588,0.819023499120199,0.300812539755795
"ADNI_4209",0.994840515497997,0.762498745861228,0.0775244163130817
"ADNI_4210",1.50819713554635,0.111463974855312,0.355216572756025
"ADNI_4213",0.94393366676845,1.03823500212287,-0.299540178405867
"ADNI_4215",-4.79039377574407,2.14927200213904,-0.622231819754504
"ADNI_4218",0.791265167868773,1.3349148687008,-0.0882367964901125
"ADNI_4219",0.529017942332545,0.975947589059483,-0.0795024025868541
"ADNI_4220",-1.22701544332343,1.25557636563596,-0.961078209442466
"ADNI_4223",-0.539109250956468,2.12501780651544,-0.256975369042194
"ADNI_4224",0.209350583435933,1.61157350432591,-1.12930523811779
"ADNI_4225",1.16410039490132,1.19558700216685,-0.228112237642231
"ADNI_4226",1.66128922704774,0.303664575414096,0.456464344690382
"ADNI_4235",1.01367131021258,1.00793500933049,-0.27961770981109
"ADNI_4237",-0.539373776139031,0.212250075804845,2.07509437611981
"ADNI_4240",-1.42427946896901,0.433660682026957,-1.09954356756957
"ADNI_4243",-2.32956575003103,2.27429246611403,0.13925542775272
"ADNI_4244",-2.38404537343724,1.11171403272259,-0.660290306143246
"ADNI_4250",0.653452653834835,1.48844893002832,-0.69891860412561
"ADNI_4251",-0.0130472630139953,2.09763067135346,-1.15275456465726
"ADNI_4252",-0.587301071262999,2.26527629816239,0.194081925719656
"ADNI_4254",-5.555257904765,2.59306343659973,1.70395284369039
"ADNI_4256",1.83748762226041,0.0428454592415327,0.660248993538375
"ADNI_4258",1.64577436754394,0.0022297911699872,0.535979164522102
"ADNI_4262",-3.60971553130854,2.45581386824289,1.55230477191828
"ADNI_4263",1.43354417109725,0.0740324557440589,1.13602914967766
"ADNI_4266",1.84002219750873,0.00348159414163645,0.772548998096008
"ADNI_4269",1.45228727158878,0.871165810710462,0.20720290656638
"ADNI_4270",1.05303387822679,1.05990598435036,0.0863907827556294
"ADNI_4271",1.87107171789073,0.0932979590442266,0.919145190664982
"ADNI_4272",-3.03668359865651,2.08460473913967,0.602583689480888
"ADNI_4274",2.03683416468251,-0.0186836425048074,0.825514222374448
"ADNI_4276",0.498971499736526,0.11157308624739,-0.322203210627241
"ADNI_4278",0.580703056533049,1.28394303117718,-0.751896103747642
"ADNI_4280",0.88121793041555,0.423890931731639,-0.0505745930942978
"ADNI_4282",-2.21234201155524,0.639184598165231,-0.0859707223092953
"ADNI_4285",-1.63708374116463,2.72795740979769,-0.174076442688091
"ADNI_4287",-1.88376232273417,0.851597474531929,-1.46769156080647
"ADNI_4288",-2.67453398714932,0.789984509473384,-0.060956258762095
"ADNI_4290",-8.31904964131043,2.13265979041901,1.17541120731342
"ADNI_4291",0.810729557205843,0.857289720269814,0.902770939486865
"ADNI_4293",-0.304500565413567,1.80676129097169,-1.55246967098123
"ADNI_4294",-2.22696382578688,2.49735094952569,-0.326478907820911
"ADNI_4299",0.0622247165870239,0.410327271464937,0.387095356266903
"ADNI_4300",-1.36738619073655,0.871696657542112,2.61953293908234
"ADNI_4302",-0.45196200723407,1.06840909160607,1.26733022825365
"ADNI_4303",-0.430190416609457,2.21841261183561,-0.774212500198003
"ADNI_4308",1.23569511073305,0.589638059604813,0.246607450188659
"ADNI_4311",0.49753040617728,1.72137906993242,-0.694466982303336
"ADNI_4312",1.78802178256201,0.258875866061885,0.643359128993704
"ADNI_4324",0.836561844664078,0.862843466641615,0.26131826771315
"ADNI_4332",1.58207786813358,0.395416018026972,0.568515585533067
"ADNI_4335",0.396847562918585,0.0914069749508467,-0.17299319084075
"ADNI_4337",0.887779262167195,0.702562716569663,0.0852996390203534
"ADNI_4339",0.909659731919224,0.854742553957573,-0.168280483041472
"ADNI_4340",-0.0463218584902044,1.71718724200104,0.203750785121926
"ADNI_4343",-1.64995619818404,2.47900399319948,-1.04419017489542
"ADNI_4346",0.750698648642315,1.18920660158711,-0.187325659694437
"ADNI_4349",-1.97200356799948,2.40454654137287,-1.98169055418356
"ADNI_4352",1.72530561369975,0.456382274207657,0.458268376588434
"ADNI_4353",-0.326788916262065,0.501057823944993,0.141025015607481
"ADNI_4354",0.74156005309235,0.681124180288875,-0.196839079100366
"ADNI_4356",1.60595714073809,0.505902023500353,0.368534291520483
"ADNI_4357",1.19630100636199,1.14985070917189,-0.19911609906994
"ADNI_4360",1.34072923799238,0.568914509232291,0.326581485561554
"ADNI_4363",0.657139990133197,1.66588641154644,-0.894226004000235
"ADNI_4365",0.0673761122969275,1.26196506772605,-0.704160397025833
"ADNI_4367",-0.419780225652575,2.31305425395023,-1.80740014187244
"ADNI_4369",1.73699368586861,-0.0896573042540083,0.601215972875225
"ADNI_4371",0.565465426769984,0.250914631355086,-0.254095487434425
"ADNI_4376",-0.302782607938385,1.83215657342918,-0.41673833752452
"ADNI_4377",1.84956332033966,0.0112720496402445,0.866128877977776
"ADNI_4382",1.41721760510565,0.57273916166058,0.336563944009959
"ADNI_4387",-1.81644688622553,0.481967610585767,-1.2191326848834
"ADNI_4388",1.38024502344698,0.738165911942805,0.190121709716875
"ADNI_4390",1.39660997470069,0.492213040921362,0.206545840936651
"ADNI_4391",1.89208197733684,0.0866881125612939,0.739371767854191
"ADNI_4392",-3.76873434760379,3.0335811545119,-1.13530799069188
"ADNI_4393",1.92365265294993,0.0789929599447017,0.654060945403428
"ADNI_4394",-0.0353881163570443,1.50189261300519,-0.751879652230081
"ADNI_4395",-4.11292258146654,2.77265354378891,1.3369109788318
"ADNI_4396",0.340119474667128,0.370125321149027,-0.607375744620837
"ADNI_4401",1.89131952384714,0.0772230667162856,0.692931720443318
"ADNI_4403",-4.41522720639699,1.3446624590967,0.455853864971915
"ADNI_4406",2.01341228656436,-0.121000800234936,0.989518281922597
"ADNI_4410",1.6383587638833,0.44470786600816,0.507230921856767
"ADNI_4415",0.154051650011776,2.2792319244764,-0.544505353585404
"ADNI_4417",-1.12760661971975,1.9728133462713,-1.75351638805663
"ADNI_4421",-0.587598669976095,0.117568371702474,-1.08458220082729
"ADNI_4423",0.335977500477758,0.0674802603884531,0.187501137132317
"ADNI_4426",0.22173323033847,0.560284399120771,0.0721062625682849
"ADNI_4428",1.5213089639728,0.462838206781586,0.391753579585997
"ADNI_4429",0.799635644282093,0.855535037035478,0.43932134610209
"ADNI_4430",0.164127606186807,1.55930947076326,-0.660909396913525
"ADNI_4432",1.13497174248841,1.11613596331356,0.0583408157165004
"ADNI_4434",1.10200895287242,-0.260439563435552,0.163071509670224
"ADNI_4443",1.19710907671935,0.934018745201335,-0.0943479420352586
"ADNI_4444",1.0529631768398,1.18381246713503,-0.1074148638553
"ADNI_4445",1.68108194096721,0.362551838679415,0.452177561452942
"ADNI_4447",0.469892516088287,1.3987086650791,-0.469877686209968
"ADNI_4448",1.98491635777539,-0.00800553112431885,0.814889728452772
"ADNI_4453",0.775778578749643,1.07039898518683,-0.639666524160462
"ADNI_4462",1.06896913923152,0.84335991243677,0.183839561647252
"ADNI_4463",1.71198963206116,0.33837130267949,0.489812930607751
"ADNI_4464",1.71793998542186,0.357004528177664,0.649090635250702
"ADNI_4465",2.0743028684433,-0.155434387827376,0.896567258841525
"ADNI_4467",1.12827736528919,-0.178443542374475,0.0718721962496758
"ADNI_4468",1.65209445702907,0.410047466483522,0.373319015881723
"ADNI_4473",1.14720578796158,0.755515826437119,-0.00645471291440584
"ADNI_4474",-1.03885118615302,0.60691107828287,-0.494383683266834
"ADNI_4475",-0.945268955679924,0.401106391739927,-1.3065494691936
"ADNI_4476",-1.66523607227869,2.35599100644769,-1.56252857633168
"ADNI_4477",0.483547733714706,1.16415327973659,0.132900272690394
"ADNI_4485",-2.29808222295474,2.83573988608116,-1.26801299215274
"ADNI_4488",0.749289911394163,0.0718741204055675,-0.211922227757205
"ADNI_4491",1.73309444853725,0.285717958683036,0.620718474000499
"ADNI_4494",-2.10615592299139,2.2089363087034,-1.74030030901089
"ADNI_4500",-3.66065007990375,2.57529577431146,0.470600910274572
"ADNI_4507",-1.76879910646215,1.24603277249184,0.365764617329884
"ADNI_4512",-2.53118057444551,2.38800302990748,-1.72944854868256
"ADNI_4514",0.372892158059318,0.440490301151199,-0.0310328553516129
"ADNI_4516",-0.397938748037854,-0.0389380142784235,-1.13881751807217
"ADNI_4521",0.297771420572805,1.69754703288362,-1.17950976413959
"ADNI_4524",1.25510811908919,-0.287408265365207,0.301029307315781
"ADNI_4526",0.662719622092281,1.03998600391703,-0.326855810287669
"ADNI_4530",0.704163308088404,0.793042542675768,0.0956574649162826
"ADNI_4538",1.47245654919043,0.380260552979574,0.476311306271034
"ADNI_4583",-7.98368003144001,2.3828594704855,2.71619127985842
"ADNI_4586",1.51450122344034,0.489649137320655,0.446728272626732
"ADNI_4587",1.83804229828734,0.0297169521472082,0.763982739133011
"ADNI_4594",1.71923332688812,0.0896333856892562,0.495359201659364
"ADNI_4601",0.992299384501827,0.36987335365746,-0.0831026241424975
"ADNI_4616",-2.86749571434551,2.06588877043635,-1.77095728704607
"ADNI_4623",1.74768621093069,0.1539637338048,0.75294241133003
"ADNI_4630",-1.15138055642762,0.790118046879313,-1.07442195855892
"ADNI_4631",1.97355533208748,0.00242611025954895,0.819017568286899
"ADNI_4644",-0.196680512787502,-0.629932686599048,-0.164476387241913
"ADNI_4646",1.27033651510818,0.276131310938879,0.0541557016019468
"ADNI_4661",1.52058357715278,0.599454695545125,0.179965356257523
"ADNI_4674",0.507824734289363,1.24460494141095,0.16215645829909
"ADNI_4675",-5.89649212193424,0.574897666487716,-1.57550856397772
"ADNI_4678",0.791867034735962,0.908144856186158,0.625818380648282
"ADNI_4680",0.768358558039981,1.40897144587924,-0.219072101288287
"ADNI_4688",-1.18201680084754,0.61904426977977,-0.113552486638931
"ADNI_4689",0.932881623062346,0.97048266072926,-0.19712524245523
"ADNI_4694",1.16876547580426,0.81663367950137,0.000981872445715461
"ADNI_4706",1.51308615584488,0.611206393759982,0.198844686599584
"ADNI_4708",0.0219662662981616,1.41309890988077,-0.998239287239042
"ADNI_4711",1.4694366953372,0.473445733130969,0.359315074265072
"ADNI_4712",0.493873433034389,0.221166112607411,-0.523119570109033
"ADNI_4714",1.53507316773568,0.522656841909655,0.287750484322926
"ADNI_4715",1.30403363613544,0.5001143451951,-0.00455597333696575
"ADNI_4718",-5.9189661142241,2.74722824494434,-1.05135403786286
"ADNI_4719",-0.58245013043018,1.43285966165244,-0.230769220156406
"ADNI_4720",0.105679936673837,1.92877299230441,-0.984539620752903
"ADNI_4721",-2.84323898022539,0.314613353746149,1.2928740002652
"ADNI_4722",1.34951192075826,0.745535941085715,0.270901405214184
"ADNI_4728",-2.21877310133045,1.28398397631276,0.840744226517054
"ADNI_4729",0.511982812152063,0.101255791009023,-0.24860530154115
"ADNI_4730",0.5414902669233,-0.133974649425838,1.16750774326016
"ADNI_4732",-0.500045786822678,0.988854431475147,-0.882613784719607
"ADNI_4733",0.884093903647634,1.33474459986078,0.00328252370526148
"ADNI_4736",-0.0149728152652007,1.16559697897037,1.19223370475819
"ADNI_4737",-2.23347660203284,1.24367404688397,-0.280020835242195
"ADNI_4739",1.55890798870017,0.512482212495186,0.446902884401254
"ADNI_4741",-0.679311250243253,1.51318699725041,0.942882412438192
"ADNI_4742",-1.42683337118365,2.73437379063859,-0.38903099953272
"ADNI_4743",-0.332963621691868,1.15373332492686,-0.384654200843256
"ADNI_4745",0.482010894927263,0.0990326300967518,2.60458650921651
"ADNI_4746",-0.310094556617649,2.54288452746284,-0.760042748976618
"ADNI_4755",1.83345112871465,0.195198922787697,0.629506715793848
"ADNI_4756",-1.56913607458431,1.96452939596412,-0.909963360667941
"ADNI_4757",1.2995926618877,0.306437359899841,0.374678041180628
"ADNI_4762",1.41231915065133,0.52174346894902,0.33163453520793
"ADNI_4764",-1.02746309334036,1.88582882606405,-0.847727831384879
"ADNI_4765",-1.2027129351952,0.84727392178308,-1.80698115817681
"ADNI_4770",-1.70623156643296,1.47658492599507,-0.536061173168299
"ADNI_4774",-0.848770090792308,1.7505634242773,-1.3886422177455
"ADNI_4777",-3.84772519261122,3.31580628323547,0.768138589478263
"ADNI_4780",1.6075186757336,0.301884444674452,0.359293819715977
"ADNI_4782",0.577239908883285,1.09016058238189,-0.742628200903534
"ADNI_4783",0.544891490368165,1.34999792474091,0.677834999424755
"ADNI_4784",-0.731165372265417,2.12199057447436,0.371733042651411
"ADNI_4793",-0.998514934128572,0.63203722394366,0.00397903605441599
"ADNI_4795",1.88792498588219,0.00638978383777504,0.688074223201443
"ADNI_4796",-1.92442543591289,1.95804314700307,-2.08595525653024
"ADNI_4799",1.6956496781907,0.424677981974872,0.394633546437641
"ADNI_4801",-3.70657296820817,1.04680403384045,-1.27416299405667
"ADNI_4802",-2.98024079010317,1.48365415498177,-1.16094876780978
"ADNI_4803",0.410533175841194,-0.0188986739339827,0.0336429178756308
"ADNI_4804",-5.94811947458542,0.714517188534469,0.316396466285924
"ADNI_4805",1.44128785320088,0.590986197557632,0.362879009317289
"ADNI_4806",1.47527875334843,0.466777880411805,0.362983412241516
"ADNI_4807",-0.677670816734323,1.02180023728966,-0.386307163143602
"ADNI_4809",-4.11125045259998,3.33500769635885,-1.03112195306287
"ADNI_4814",1.77844842913076,0.129326213448012,0.73897323638649
"ADNI_4815",-1.52770282891619,1.8904156972393,-0.349297679613806
"ADNI_4816",-2.88262945223381,1.13543330464134,-1.88078334506528
"ADNI_4817",1.66777727354987,0.632808587504238,0.260728117164139
"ADNI_4820",-1.73060212515407,1.86267262765642,-0.195228899573336
"ADNI_4823",-0.985818460852558,1.1946807880701,-0.708392672622853
"ADNI_4825",2.14887317844763,-0.1886499067778,0.951588499274302
"ADNI_4832",1.41040153143323,0.578262468355724,0.294953845300391
"ADNI_4835",0.593925342291391,1.30554650750163,-0.511505065444466
"ADNI_4849",1.75481610645866,0.417984027656397,0.395689596786819
"ADNI_4852",1.53559217135777,0.334513386899944,0.379639635033188
"ADNI_4853",-2.09025041041668,2.72482176718483,-0.519805459056358
"ADNI_4856",0.405398183681095,1.10081680926836,0.750670526329135
"ADNI_4857",-3.6607535631261,0.973677557849686,0.190151221142243
"ADNI_4858",1.49950294973516,0.167457562152048,0.307491938320911
"ADNI_4859",-0.166033581045402,0.500179071539273,1.95138734006476
"ADNI_4863",1.60785583285483,0.415967950395894,0.444661939601182
"ADNI_4867",-0.732263477803112,0.232268548396409,-0.127474807732061
"ADNI_4868",-0.119222062297292,1.69804675380767,-1.49388583426179
"ADNI_4869",1.06793287490411,0.465823684534682,-0.0912115581388345
"ADNI_4871",1.35247012003735,0.656280855687024,0.360255499169769
"ADNI_4874",1.79372610843276,0.156170115738462,0.673950011310015
"ADNI_4876",-3.09730222686588,3.43929922466831,-0.0894121281980019
"ADNI_4877",0.391326790412787,0.723192369446891,-0.467004702511688
"ADNI_4878",1.76762322999263,0.256543564166716,0.694541063516873
"ADNI_4879",1.14687299352718,0.792208076772678,0.375350595330352
"ADNI_4885",0.402217987659986,0.0376938319175642,-0.319535489436534
"ADNI_4887",1.11136255814504,-0.203667146084137,0.0343529262692036
"ADNI_4889",0.756459839629186,1.10907734890868,-0.11621709701503
"ADNI_4891",1.18223160022838,-0.210458580759657,0.271467394812365
"ADNI_4893",0.750718423057248,1.17537415654232,-0.265802644281876
"ADNI_4894",1.65648676713304,0.499232277431876,0.387766945277771
"ADNI_4896",1.36830348088748,0.0996565243718511,0.223278816496594
"ADNI_4897",-0.977110866146872,0.750232150846146,-0.0773072984120866
"ADNI_4898",0.964954202282453,1.1077570308581,-0.352394783430612
"ADNI_4899",0.278896207122025,1.00639031262821,0.206419565238475
"ADNI_4900",1.99142855502477,-0.198624663687645,0.833669403531138
"ADNI_4902",-0.0584126277618712,0.648886018619784,-0.175591568650662
"ADNI_4903",-1.62604371367575,1.34082909143135,0.29105305976599
"ADNI_4904",0.569127211397368,0.521679212495488,0.278217808101698
"ADNI_4905",-0.189304019679331,1.62120775175215,-0.228198879742324
"ADNI_4906",0.527259732079409,1.19095899090276,0.0604950675396679
"ADNI_4907",1.27119630784239,0.607695064121447,0.316730128975483
"ADNI_4909",0.427082191019547,0.507109541114718,0.00328533473231302
"ADNI_4910",-1.09466484456034,0.631378861544106,0.549155238469544
"ADNI_4911",-4.39708187545693,0.842211909636521,0.165047530937838
"ADNI_4917",-0.156177968091351,1.19721995123868,0.0916937864009586
"ADNI_4918",1.66068548065432,0.400675733861986,0.639661843056627
"ADNI_4919",-1.29993859177256,0.649762068385334,-0.527507779620249
"ADNI_4920",0.168073806556725,1.53132413741744,-0.0126351745661145
"ADNI_4921",-1.5351529099418,2.1280982193012,-1.08408644780362
"ADNI_4922",1.13777449883271,0.855294741388578,0.140543945486963
"ADNI_4924",-1.46690350716155,1.21612290674762,-1.40781881594381
"ADNI_4925",-0.741974096585997,2.53306158492689,-1.30263816549493
"ADNI_4928",-0.320870383613658,0.670509838825214,-0.85268374556826
"ADNI_4929",1.80863754071579,-0.102490963409778,0.972993314013223
"ADNI_4936",-1.87556005546485,0.375997537940876,-0.992763371967361
"ADNI_4938",-1.66374071624839,0.0285969966184687,-1.25969313216069
"ADNI_4940",-3.28049203805913,0.298809882789176,-1.91670038281411
"ADNI_4941",1.76087476337091,0.267436291960432,0.622717163321214
"ADNI_4943",-1.60433683164855,1.56038855485593,-1.41478912551946
"ADNI_4945",0.4979642290643,0.317091324229411,-0.579388799048822
"ADNI_4951",0.402282875789982,-0.00538183066932294,-0.356462803708388
"ADNI_4954",1.86286883638292,0.120182814912321,0.868314001109486
"ADNI_4955",-0.117299825442404,1.12767207104474,-0.228955073069702
"ADNI_4958",1.4099987866862,0.63803286904381,0.409042255214879
"ADNI_4962",-2.20211294237526,-0.36477957223369,-1.74394266169214
"ADNI_4964",-2.78203239776044,0.158899892684253,-0.554026997082883
"ADNI_4966",1.18187914712678,0.464959996283264,0.322830492573125
"ADNI_4971",-1.61460382126183,0.0968281623122869,-0.799331543509211
"ADNI_4976",1.4036116722647,0.38164789708138,0.421578334241158
"ADNI_4982",0.500861257759318,1.15227012620108,-0.440924741092724
"ADNI_4984",-0.874217804581444,1.21885677552913,-0.840165671075883
"ADNI_4986",-1.72071812069179,2.14044290004686,1.08472145922034
"ADNI_4989",1.72883550903578,0.341936316934966,0.525569637396475
"ADNI_4992",-1.8445033501373,0.423645091780288,-0.995458954684929
"ADNI_5000",-4.40508714209238,0.431678974684463,3.27726706121657
"ADNI_5004",1.91214179318325,0.111507713591554,0.713118794226165
"ADNI_5005",-4.68199058367885,-0.356975764247651,2.8379024473135
"ADNI_5006",-0.268329016799307,1.83877569269153,-0.97877104310254
"ADNI_5012",0.61574852169018,1.1042722659703,-0.661073639197864
"ADNI_5014",0.609229160620467,1.44649654327469,-0.450686779501507
"ADNI_5015",1.48780309947584,0.536999883643266,0.420542815320973
"ADNI_5018",-0.340664796469796,2.1849980479246,-0.555066752211427
"ADNI_5019",1.38560379549382,0.463279548592827,0.196126645666552
"ADNI_5023",1.12726397696233,0.786508262674007,0.00135446929541179
"ADNI_5026",0.844556033246384,0.964474660841922,0.0274205917272163
"ADNI_5028",0.99058002594219,0.51930433388795,-0.305407353737412
"ADNI_5029",-0.164562298651141,1.59578650725881,-0.188550757281861
"ADNI_5038",0.423891940979376,-0.153891739931105,0.91100258213539
"ADNI_5040",1.20505737314398,0.683352186249469,-0.0537446225373113
"ADNI_5047",1.39867067146776,0.53142810235552,0.68103487575757
"ADNI_5054",0.884506247855916,1.09396017145679,0.0854810562903416
"ADNI_5058",-1.3800059193254,0.0342041329260836,-1.40825893511522
"ADNI_5083",-0.419129057307281,1.30606060485628,-1.12821122900936
"ADNI_5138",1.63817002637184,0.322781684656802,0.535566763986842
"MAP_10034",-1.04137615598458,-1.14997479103562,-0.914827588504029
"MAP_10064",-2.10424928213755,-0.787286681322644,0.134119314014832
"MAP_11570",1.86168038080389,-0.261879100080989,0.8503978404588
"MAP_11901",0.37508093785699,-0.0375003072316934,0.0967013734857963
"MAP_12126",-3.59988009376224,-0.721807207593735,0.66675198428541
"MAP_12194",0.975626557724078,-0.184048125933581,0.347799440772401
"MAP_16342",0.897411179388935,-0.0842693273537565,0.103848077351394
"MAP_16342",-0.067508275725465,-0.993168336446794,-0.472366282659285
"MAP_16532",1.38273666903306,-0.210357746653275,0.45772796459868
"MAP_16541",1.12931479868141,-0.825489378875534,0.346184578152736
"MAP_16564",-0.699369072529499,-0.592862051902047,0.150740647837447
"MAP_22069",0.0924180404782987,-0.817825572056037,-0.423119772174351
"MAP_22160",1.44252994808437,-0.498656389751206,0.613759496186635
"MAP_22235",-1.43408022164353,-1.46437526736575,-1.16073502598536
"MAP_22647",-1.47962985573901,-1.27057154661273,-0.417503437025664
"MAP_24238",-0.997067587716729,-1.39503956921662,-0.968143417000081
"MAP_24328",1.31750466134836,-0.0464449629008167,0.15876191136975
"MAP_25176",-1.70288956445997,-0.826687484231001,-0.493297851679778
"MAP_25271",0.090269770661688,-0.724942107926897,-0.635533275077437
"MAP_25538",-1.23968702441671,-1.5537388818489,-1.02061401414208
"MAP_25581",-4.34061469882636,-1.39439061299528,1.0004482273309
"MAP_25600",-2.91675712138333,-1.54231173003197,-1.28941708186122
"MAP_25632",0.189089530898735,-0.2924835883798,-0.625371186371361
"MAP_25632",0.239389012018864,-0.161957333762231,-0.28715017339203
"MAP_25711",0.758822497061961,-0.0760402481444523,-0.112093064744814
"MAP_25715",-0.206220719335921,-0.623404753566893,-0.563801409573365
"MAP_25905",-3.23991661488248,-1.19116961286869,-0.223732625395749
"MAP_26475",-1.29451413292666,-0.942625884528251,-0.981923746442019
"MAP_26499",-2.69475183273552,-0.798039485686251,1.21012166266413
"MAP_27114",0.687905340867249,-0.411971626458157,0.553618192930848
"MAP_27505",0.725417062098049,-0.664173762215615,0.0430066325988489
"MAP_28468",-1.34949187335711,-0.314908458169205,0.212548662877039
"MAP_28550",-1.23899441569986,-0.321463467131427,0.22299951829854
"MAP_28800",0.8082238125785,-0.336417219803516,-0.290213864309515
"MAP_28914",1.18356593189956,0.0399139609405127,0.270325950629166
"MAP_28940",-2.70088682992004,-1.22450598522273,0.101551650725533
"MAP_28940",-2.21630578848445,-0.959365590247362,-0.217042145919713
"MAP_29232",0.857726282207206,-0.456649285087203,-0.190918865354497
"MAP_30329",-1.00888718149152,-0.442871249898284,-0.622709493810923
"MAP_30339",-1.97080210894592,-0.290879878107567,1.17436426618132
"MAP_30558",0.870175215541946,-0.329202834070286,0.203905511796564
"MAP_31772",0.568505647636788,-0.62584757925618,0.0440593783406281
"MAP_35112",0.844127408445178,-0.375869906267796,-0.171250085148433
"MAP_62061",-2.63854000686919,-0.936651149927685,-0.0184281076969559
"MAP_62080",-0.632021301101425,-0.766517842550918,-0.145245560104196
"MAP_62229",0.359382435344063,-0.356142625033623,0.139490272307851
"MAP_62303",0.957148974092879,-0.230354057059404,-0.0141716434596168
"MAP_62355",0.547846826977631,-0.390645998512647,-0.0563732253478882
"MAP_62360",1.98421058008037,-0.352815272129835,0.833666623961745
"MAP_62360",1.07480167004332,-0.322314577912248,0.0600980180220117
"MAP_62496",-5.44580952629397,-2.07524105065662,0.409875884681986
"MAP_62593",0.228012744661728,-0.201086657192241,-0.521689880950436
"MAP_62595",1.01854743594406,-0.0427896103945542,0.214366425123818
"MAP_62598",1.24568804305565,-0.244672594501527,0.302461979157027
"MAP_62612",0.228197135718662,-0.552586414258619,-0.603973610187753
"MAP_62668",-1.3680619098133,-1.5859881750715,-1.1622390584366
"MAP_62668",-2.40901003257422,-1.84630264068057,-1.19033302245567
"MAP_62671",1.65156009811343,-0.368799093025169,0.868213677696341
"MAP_62673",1.49441760773889,-0.291172803286282,0.557185698138284
"MAP_62686",1.4633698624401,-0.017817857698193,0.501000647693461
"MAP_62686",1.02925018832202,-0.180794773639113,0.131153229511174
"MAP_62701",1.00489291703802,0.116547159010635,0.410235031735096
"MAP_62703",0.99945254450808,0.0755684870844974,0.403262182209152
"MAP_62703",0.454562973592428,-0.00384710070194893,0.444974561867909
"MAP_62711",1.02810729706257,-0.276651930312852,-0.04293288403061
"MAP_62723",1.40742086094083,-0.456534467361447,0.603862679211047
"MAP_62723",1.38875573177681,-0.0422752614562194,0.438443234757848
"MAP_62727",1.30698744839994,-0.0311465309089249,0.245878493402479
"MAP_62749",1.3076338219737,-0.265109075025655,0.315194861837611
"MAP_62757",-0.645789697573429,-0.031019397896392,0.795087356344923
"MAP_62866",-1.79315181330944,-1.29477870844185,-1.11068621440116
"MAP_62869",1.77101230179775,-0.388792707941534,0.710549043426847
"MAP_62869",1.71603310457532,-0.333454507425765,0.6142524114901
"MAP_62901",1.75496767774877,-0.0586681538741202,0.832367739581669
"MAP_62934",0.730120715953498,-0.195344997438249,-0.210006712757284
"MAP_62992",0.418447550153073,-0.413593622099379,-0.486533669488536
"MAP_62998",1.19990990321383,-0.242149553287217,0.509039011126695
"MAP_62998",0.87065361880152,-0.628087965773112,0.167267315731321
"MAP_63032",1.00392858829074,-0.0824079524620654,0.39030355162325
"MAP_63041",1.81395834744641,-0.347932212344102,0.87986536103627
"MAP_63041",0.22246407978799,-0.979793277223232,-0.0759406683026152
"MAP_63041",-0.135359698155183,-0.994816880802219,-0.234932094002913
"MAP_63043",0.305214358329575,-0.725649412968446,0.0784863846040993
"MAP_63054",-0.558877416803603,-1.26761118808082,-1.19527027543966
"MAP_63059",1.56550083699634,0.0259111157916379,0.545030654421073
"MAP_63059",1.14793655515128,-0.101021827442238,0.0743971237866139
"MAP_63059",0.973652221027519,-0.155983668460153,-0.0566851196171977
"MAP_63062",1.92287731696884,-0.321248513499974,0.830176254643437
"MAP_63104",-0.329733567775365,-0.292661479221585,0.726109071091174
"MAP_63131",0.557300282711301,-0.757603354932303,0.493745350391829
"MAP_63158",0.351609456517817,-0.577187167529442,-0.265167924634923
"MAP_63174",-1.19026458162575,-0.967548043725649,-1.09374647425495
"MAP_63179",-0.63383685448528,-0.583205542164869,-0.562277039309593
"MAP_63186",-3.62366685947564,-0.665807735983881,0.156740773530462
"MAP_63205",1.08397776264952,-0.227863720953813,0.309410045483972
"MAP_63218",0.465038849292258,-0.327308394396973,-0.104794313229812
"MAP_63272",0.829828708265257,-0.0902846114476168,1.24320746430577
"MAP_63272",-1.63583294912806,-0.0797922779739173,1.31263884096693
"MAP_63280",-0.0474091243437107,-0.659439608954295,0.24187664696831
"MAP_63303",-0.415937058303283,-0.862800435582604,-0.649439376094403
"MAP_63303",-0.090622551626195,-0.515829732464574,-0.274676557510582
"MAP_63310",0.136301272585536,-0.954177288122317,-0.471015547443294
"MAP_63320",0.564370640934141,-0.891310038467385,0.193202250894019
"MAP_63331",0.727437935788339,-0.463799523437191,0.439928104206814
"MAP_63360",-1.77113530375735,-0.573781145823381,-0.239558532717679
"MAP_63362",1.51993919169983,-0.202322638084895,0.40217407575164
"MAP_63384",1.95507064641591,-0.391198712573483,0.836440897075354
"MAP_63384",1.67030906818933,-0.133141334636475,0.490791583568024
"MAP_63384",1.89603790986342,-0.138298396157504,0.679630660688366
"MAP_63386",1.55368571297122,-0.339042754241092,0.712987272796429
"MAP_63386",1.26580637858484,-0.0561216018877387,0.421195779248578
"MAP_63389",0.987862340632287,-0.246621527372792,-0.0648315830449518
"MAP_63392",1.65584837135841,-0.233317195986916,0.597407445727318
"MAP_63411",2.00769489902215,-0.339245923534021,0.903373580676684
"MAP_63411",1.01937548517519,-0.879539901344879,0.18129550484024
"MAP_63411",1.47710869870372,-0.290416866140905,0.540178968504073
"MAP_63413",1.88097764540716,-0.124802893925122,0.738481967862187
"MAP_63449",-0.00909509027600097,-0.563974698201073,-0.40538479209069
"MAP_63455",1.52321498194641,-0.134339150843724,0.583756453632397
"MAP_63455",0.5763237573593,-0.157110156766312,-0.1657375728847
"MAP_63466",1.75225532694077,-0.483587724070829,0.803614096800492
"MAP_63466",0.757856189690794,-0.743932735115889,-0.203885727224553
"MAP_63479",-2.40949246038017,-1.65267626341577,-1.41723645412349
"MAP_63483",1.2298013265828,-0.712700406895754,0.506412778081
"MAP_63483",0.330881319526155,-0.693700070465101,-0.553789743005579
"MAP_63489",-1.52155356793006,-1.11211825142958,1.33548764591668
"MAP_63497",1.58753507334946,-0.228355208208923,0.61927322155691
"MAP_63497",-0.889008723719842,-0.510012964781992,-0.842720550587776
"MAP_63503",1.09735933328219,-0.115220223547512,0.584223247408267
"MAP_63503",-0.0395378719734561,-0.132976927387284,-0.41641590184323
"MAP_63504",1.34559119845657,0.00116188269543405,0.179123790661438
"MAP_63508",-1.05387326211234,-1.23179103403908,-0.875726946198341
"MAP_63522",-2.1530942890024,-1.26850451592511,-1.01768841861229
"MAP_63548",-0.372235481265227,-0.0713115987355616,-0.408596725183221
"MAP_63564",0.478606372828724,-0.538371074398374,-0.563546228669868
"MAP_63567",-1.41584577732102,-1.39833794847442,-1.41441654714198
"MAP_63585",1.28824080697852,-0.291875152507769,0.652493232242727
"MAP_63585",0.857991254510144,-0.163735692390708,0.594486160300618
"MAP_63594",1.34139383635746,-0.338931648461873,0.470827992893656
"MAP_63594",0.583230060746871,-0.284138817977256,-0.0727482014070662
"MAP_63641",1.07873461845517,-0.609782156916301,0.0954427782131109
"MAP_63663",1.25786734977862,-0.401881841715426,0.324295677643733
"MAP_63681",1.10648212428032,-0.234376621210324,0.111049579099473
"MAP_63687",-3.8374099259457,-1.22097737419561,-0.39884306357287
"MAP_63694",0.700410709087892,-0.693425684512153,-0.202636653499647
"MAP_63722",0.929702315983242,-0.276794563231729,0.18844579848246
"MAP_63725",0.827711165701259,0.0406089192933879,0.0405733011827195
"MAP_63741",0.325340535432469,-0.524648531726918,-0.0323780940835372
"MAP_63761",-1.21677531608819,0.0647624722108855,0.643890039702516
"MAP_63762",-2.03283396564016,-0.965401274763486,-0.41010078915581
"MAP_63847",0.609126848486887,-0.341553422704867,-0.311412505388321
"MAP_63851",-4.25691978659466,-1.49401113888843,-0.340745357914923
"MAP_63893",0.911582078320618,-0.118495229771547,0.107658284327447
"MAP_63899",0.619760578713783,0.161592182838235,0.131328571871865
"MAP_63917",-0.525081966563451,-1.41070123475573,-1.01112317787474
"MAP_63942",-6.71119335129885,-0.361773263119741,3.35852048673796
"MAP_63970",1.09622371761397,-0.373187851812264,0.447088400470897
"MAP_63972",-0.363720397271982,0.140259099761782,0.259931450577174
"MAP_63984",0.844122473777136,-0.285079282104833,0.137900324263949
"MAP_63984",0.129726412556818,-0.654061544982589,-0.74058715378729
"MAP_63997",1.52338565962158,-0.0653587421369548,0.334391214742471
"MAP_64017",0.472262394015549,-0.926415081087387,-0.495563927748977
"MAP_64017",-0.2103550020705,-1.05981393508907,-0.890617564749015
"MAP_64023",-3.27744980291765,-1.94411087751557,-0.469228886865603
"MAP_64027",0.364662891863598,-0.515332767308734,-0.451616244633963
"MAP_64038",1.3068143077072,-0.471734589158422,0.391415662814428
"MAP_64040",0.640972592207707,0.133110299075627,0.209867678876041
"MAP_64051",-2.64727535128376,-1.46925778194936,-1.17256728518593
"MAP_64058",-1.43433546579761,-1.3319573452699,-0.622686243780175
"MAP_64060",-0.147463156089127,-1.1321808530901,-0.579079029986795
"MAP_64084",-3.4662965844728,-1.52774634476812,-0.998748481091739
"MAP_64103",-3.89128566851512,-0.633629754010058,0.87360932736549
"MAP_64107",1.1280044487956,-0.206250454991841,0.268647881245711
"MAP_64107",0.507841686139609,-0.296729100563031,0.0626772384225313
"MAP_64117",0.607600080857242,-0.0629056635075387,-0.0709382626339644
"MAP_64128",-0.383139475810298,-1.58070116473191,-0.866108802519705
"MAP_64130",1.71968697757346,-0.372788773946122,0.592555912807788
"MAP_64130",1.63797522377681,-0.0395229521346684,0.516389723354882
"MAP_64142",0.892521489401718,-0.0726069283616374,-0.0465588455638669
"MAP_64160",-0.79080028162821,-1.27552119540152,-0.911449056965427
"MAP_64185",-2.47978783620122,-1.54242424748797,-1.20282475881656
"MAP_64206",1.4538659053245,-0.0407758180701159,0.461963587133482
"MAP_64213",0.890332065585849,-0.355409354592879,-0.0584138447845999
"MAP_64213",1.02884068012396,-0.0450584219663033,0.201837895718464
"MAP_64228",-5.22388245401415,-0.520332599006847,1.94022727602247
"MAP_64255",0.811385185382502,-0.300973005701847,0.015958448205074
"MAP_64262",-0.222890282543834,-0.347670043318003,-0.283308435280061
"MAP_64263",1.04198106230012,-0.344050864993448,1.46748001113471
"MAP_64278",-0.155079541502207,-0.701641528038886,-0.785926775207609
"MAP_64295",0.335874144466578,0.0685658326885747,0.00435748966413426
"MAP_64295",-0.123559857723238,0.157803652850779,0.280628982138481
"MAP_64300",-0.106138474029387,-0.424208952676399,-0.572529659898443
"MAP_64302",-13.0443960986948,-0.819909469492974,7.02687843680763
"MAP_64312",0.39093445426047,-0.194173703060467,0.0745742484001523
"MAP_64312",-0.0535527346419557,-0.196340620276329,0.208686751420605
"MAP_64331",1.08552707405917,-0.0350411588083703,-0.0240113542581017
"MAP_64345",-1.66250305725703,-1.28047955215687,-1.00978213714669
"MAP_64353",1.25363797054732,-0.104587991028895,0.30235880382431
"MAP_64359",1.46065914321468,-0.0300289128935431,0.33276785866577
"MAP_64363",0.29010889777081,-0.227514306275794,0.258998672969005
"MAP_64363",-0.319307678676385,-0.354490391816673,0.217222728004137
"MAP_64372",0.360299710231876,-0.188193631722589,-0.148910467777198
"MAP_64387",-2.94534940316317,-0.511563148209991,0.470267664744727
"MAP_64403",-1.99323972341342,0.352817164938748,2.46812092489889
"MAP_64409",-0.582631928936116,-0.952392400449521,-0.823647138748117
"MAP_64430",-2.94821848003374,0.14007872244528,1.95481074473944
"MAP_64432",-1.77471374456536,-1.02247781470022,-0.426627447863765
"MAP_64433",0.940387187853271,-0.271712903226998,-0.239333228221915
"MAP_64446",0.918152329978675,-0.323502101287866,0.263556911217816
"MAP_64468",1.4361677036254,-0.169329862884726,0.327425074837574
"MAP_64468",1.15834467046595,-0.255619128742995,0.0722263069218678
"MAP_64495",1.25833272788411,-0.388723140377795,0.207099577269989
"MAP_64495",1.05574498109683,-0.335817883205723,0.0699112253409754
"MAP_64501",0.869629207174387,-0.419043321513133,0.0979605068559846
"MAP_64501",-0.654909051610909,-0.780414504887378,0.396362589996577
"MAP_64519",1.28722636052736,-0.368381609543182,0.50356495290966
"MAP_64535",-2.96751362368036,-0.97125093377675,0.962572237439849
"MAP_64536",-0.617507667528163,-0.588913501455165,-0.820034193933462
"MAP_64543",-0.581746587344615,-0.88410481324794,0.195889262042375
"MAP_64555",1.05500283468256,-0.518518313073174,0.0663439197917434
"MAP_64555",1.47956974674055,-0.120078018762919,0.416736256743681
"MAP_64564",1.44505209465029,-0.258202261509532,0.505614248294778
"MAP_64605",-1.72444127221938,-1.07955086002645,-0.770705105627142
"MAP_64614",-0.706105459881472,-0.517900368594659,-0.212339340961539
"MAP_64614",-1.4360402505977,-0.672149205361158,-0.276533168031153
"MAP_64637",-3.42304438275041,-1.14955768928213,-0.453148977527939
"MAP_64637",-3.64270199833908,-1.0995758472197,-0.510125534670958
"MAP_64651",-1.12771254671942,-1.04082731483485,-0.906080904761775
"MAP_64673",0.197017841833871,-0.483589209890794,0.0365914384842877
"MAP_64684",0.0144800040460128,-0.89012799448728,-0.57953936018403
"MAP_64687",-4.13956770026522,-0.886734297768811,0.436575434856237
"MAP_64696",-1.13427641637172,-1.48877035138965,-0.993770750338971
"MAP_64701",0.334496569247924,-0.742820856988104,-0.450300166223513
"MAP_64715",0.0864114345153907,-0.314179193446988,-0.607942073898784
"MAP_64720",0.84796303632875,-0.164982426509179,-0.152465491734793
"MAP_64720",0.746348007558162,-0.453927712244169,-0.143845924610393
"MAP_64737",-0.337719720357453,-0.518987638404395,-0.631522329289478
"MAP_64744",-0.252107849744144,-0.699023418877941,-0.3239112806089
"MAP_64744",0.518851985848468,-0.433117201367064,0.124034736705672
"MAP_64752",-2.63115583696637,-1.50703269861353,-1.24444764305507
"MAP_64763",0.695000253677997,-0.337112935453162,0.449652722075139
"MAP_64769",0.642426540322816,-0.258226906495772,0.210408123896651
"MAP_64769",0.195152415227361,-0.312310067354454,0.281936809740514
"MAP_64769",-2.21408983502119,-1.00626099422513,-0.145709151926487
"MAP_64786",-4.79222449118293,-0.715070773548621,1.90536681314359
"MAP_64813",-0.0943521576360666,-0.998905876137964,-0.753478764103231
"MAP_64826",-0.864186406214809,-0.811801399375373,-1.00424368217053
"MAP_64842",1.99230610880996,-0.222365442008037,0.799653114510615
"MAP_64842",1.37702485112978,-0.196903273558461,0.257899870786326
"MAP_64848",1.9791769082549,-0.189200710993771,0.909707773635152
"MAP_64848",1.98537108325469,-0.219973456411044,0.863039366885192
"MAP_64850",1.16120692439799,-0.173120051962401,0.335517392140452
"MAP_64877",1.40948205168225,0.0203114459057316,0.598616094067301
"MAP_64888",-1.12426810796002,-1.48058655968456,-1.02375159739245
"MAP_64921",0.324931017440488,-0.518961133362832,-0.409236587862893
"MAP_64928",-2.86165151155059,-2.22973580186476,-0.802399929621088
"MAP_64930",0.323143060765944,-0.743922201556902,-0.396074919059528
"MAP_64931",0.814849018558667,0.0799584298667083,0.18468844913338
"MAP_64931",-0.745622209730324,-0.799455773289498,-0.525179250997491
"MAP_64942",1.178867602998,-0.220005365971831,0.0975850961332913
"MAP_64979",0.758459645466998,-0.55865760031912,-0.249823108296857
"MAP_64985",1.71041586033996,-0.00840194543989512,0.66707972193438
"MAP_64985",0.79523591965604,-0.361780856208399,-0.117270337382066
"MAP_64988",0.993386791466539,-0.00748253361768866,0.952672636200391
"MAP_64988",0.210588119757967,-0.454522381458135,0.129536100941795
"MAP_65001",1.43429814330524,-0.121754026823192,0.753410226570613
"MAP_65004",0.409978229634254,-0.781645535887219,0.149673978670052
"MAP_65004",-1.15331598631046,-1.19843955559401,-0.947296985896508
"MAP_65024",1.23513905759143,-0.0251201711122385,0.515614261192363
"MAP_65024",0.722949579549351,-0.228145442732179,-0.0975844940319242
"MAP_65026",1.02134615965345,-0.633710499217532,0.270604742836988
"MAP_65026",0.238125640937734,-1.06539042600438,-0.0862933262159643
"MAP_65028",-0.451217027750995,-0.787691107514727,-0.823697668590017
"MAP_65028",-1.64162063736191,-0.974329847435056,-0.811002809828996
"MAP_65061",1.03963806892136,-0.349387740469654,0.139752062940864
"MAP_65068",1.20379037798919,-0.136621542413086,0.425463845844137
"MAP_65068",1.00076773037097,-0.155472990719082,0.296600775782242
"MAP_65087",-1.61683428774036,-0.481434076163092,-0.086168019036113
"MAP_65105",-5.8661701793943,-1.68213879709463,0.918118291371752
"MAP_65140",-0.027318874145119,-0.41430814308583,0.806329854583084
"MAP_65140",-1.42858689576816,-0.664207452178638,1.24204231126906
"MAP_65166",1.25879204175448,-0.169486359338484,0.186859548636355
"MAP_65173",-1.39465701263685,-0.447364106187431,-0.118218094115225
"MAP_65173",-2.10114353190453,-0.305271615102323,0.303740466008631
"MAP_65197",-0.0311175189668255,-0.444989775482173,-0.755411479510276
"MAP_65197",-0.973660936807922,-1.05534477859341,-1.18184077380951
"MAP_65245",-5.22861399957682,-2.00658843743234,-0.426289948901658
"MAP_65247",-0.441295326100927,-0.857109805414637,-0.678325069182781
"MAP_65251",-2.08840300863358,-1.47137802411896,-1.28888563637364
"MAP_65267",0.395685478817034,-0.81216869860121,-0.390043467952074
"MAP_65272",0.32819974867572,-0.41354068915409,-0.46214391100208
"MAP_65275",-2.3514780869597,-0.719391771462695,0.148814150108299
"MAP_65283",-2.1265347826632,-1.74891512482177,0.624408519164168
"MAP_65357",0.540026994592015,-1.17574702945798,-0.145456640215845
"MAP_65357",0.509642614713016,-1.07907847131435,-0.203063269293215
"MAP_65536",-1.52656001777899,-1.31324330950537,-1.20732914566239
"MAP_65550",1.38249592562219,-0.235481771428732,0.348166763085546
"MAP_65589",1.40827210444526,-0.519728901908635,0.465721644431297
"MAP_65617",-0.115915052263331,-1.07319021614228,-0.256492946052569
"MAP_65655",-3.17083017084249,-1.05945921857358,-0.00846835810340306
"MAP_65684",0.511850788284449,-0.930279323514862,-0.0805425023298224
"MAP_65684",0.059605568684213,-1.05271834859649,-0.235860802387126
"MAP_65693",1.00317756116954,-0.151176930132552,0.229311349536092
"MAP_65696",-0.219753798204533,-0.928747969444547,-0.518114432385199
"MAP_65696",-2.11647299842525,-1.91813502459115,-1.46389836849429
"MAP_65696",-3.08841520821827,-2.18118639255584,-1.46671849961872
"MAP_65701",1.44976501689506,-0.0931571482675614,0.582844758478134
"MAP_65701",0.866977854802205,-0.84161418446163,-0.0787768896903328
"MAP_65701",0.140946464468231,-0.820088682648052,-0.393680608105987
"MAP_65704",0.882394871097458,-0.414443946134252,-0.118177328541555
"MAP_65706",-0.888084951158625,-1.32614516381951,-0.485346223002064
"MAP_65725",0.632512983765352,-0.166432980792075,0.0212423753405702
"MAP_65737",1.486754599564,-0.259691564975303,0.518792604463065
"MAP_65737",1.17381135946098,-0.49687098271174,0.399552718659186
"MAP_65758",1.55556356536015,-0.0482898624161033,0.516168092702083
"MAP_65758",1.42533162425617,-0.12582515608491,0.306339717910649
"MAP_65764",0.897536477376364,-0.458145335602118,0.0767792478441114
"MAP_65770",1.06723890413022,-0.0867366293415126,0.128255015499674
"MAP_65780",-0.371018146671168,-0.555433684880236,-0.576847240884772
"MAP_65780",-1.62347712745211,-1.02064225385948,-0.889690779543909
"MAP_65783",0.424552506147383,-0.772381609268876,-0.15310514706931
"MAP_65787",0.923544714057453,-0.0738997988111195,0.0949466620094083
"MAP_65789",0.274043091812793,0.150810514137492,0.70363267114021
"MAP_65794",1.11333412635561,-0.0223964545061135,0.256871790314856
"MAP_65807",1.45828751633256,-0.0542683957655177,0.641765916577242
"MAP_65807",1.23677303554683,-0.233882107210548,0.233412950658278
"MAP_65818",-0.665023431769349,-0.252030775504499,0.512379469200919
"MAP_65822",1.12785497815622,-0.251778296807083,0.107914806892829
"MAP_65822",1.04594774313028,-0.0495759563294682,0.271750588240073
"MAP_65824",1.11301784287947,-0.212762119562535,0.355420088972027
"MAP_65824",1.11191052640246,-0.487298891241796,0.0927839985040961
"MAP_65825",0.345420362223665,-0.359881641176434,-0.115117735046391
"MAP_65825",-0.0647648729227987,-0.797249969017988,-0.218456749398025
"MAP_65836",0.559602076929349,-0.1908196234191,-0.0589584178363743
"MAP_65836",-0.0822607106129343,-0.607888576741463,-0.737069236485512
"MAP_65839",1.64412487694012,0.164174175018898,0.504043653875667
"MAP_65846",0.154072150047245,-0.716778311410204,-0.337761785190491
"MAP_65846",0.061844492436372,-0.838994714748217,-0.270202367986264
"MAP_65851",-0.831993116265729,-0.967792872495344,-0.667762148763643
"MAP_65857",1.38243950634429,-0.282234602247531,0.564433326751902
"MAP_65857",0.969630932463245,-0.57495048320213,0.197970960776689
"MAP_65860",-0.132241522934243,-0.690161614441736,-0.343374267387972
"MAP_65861",1.29942569130695,-0.0814050751384683,0.4455699010388
"MAP_65861",0.839780938639474,-0.516059062752915,0.104791538981941
"MAP_65864",0.40632895503465,-0.257348955403862,-0.0017051772653707
"MAP_65866",0.974583600307454,-0.191841595366731,0.105746892499276
"MAP_65875",0.172141895846723,-0.528945662835466,-0.291449031811173
"MAP_65885",-1.89964980007524,-0.968194859821539,0.129929747974964
"MAP_65885",-3.08713927341064,-1.17546133024508,0.4240526980819
"MAP_65885",-4.46854406874942,-1.12742973237738,0.796463555700863
"MAP_65894",-9.05023581345254,-0.0642488402675576,5.61111877710133
"MAP_65894",-8.38651227993009,-0.168224754175512,4.73445082171317
"MAP_65903",1.07764692725571,-0.135246600590436,0.22879323916482
"MAP_65905",0.84528415709258,-0.323297989185121,0.0956442909962841
"MAP_65908",1.36458512228587,-0.176999415504822,0.474299899842805
"MAP_65908",1.66836905744488,-0.374671800276004,0.574203129221308
"MAP_65910",0.571549240170517,0.0828899450832169,-0.359187018293243
"MAP_65910",-1.65162799071727,-1.00121415074297,-1.06224870513302
"MAP_65914",-0.0846527559943451,-0.878074472714319,-0.727686715907614
"MAP_65914",-0.31543176818433,-1.19234139860333,-0.90736347724625
"MAP_65916",0.518704759870442,-0.316051831438925,-0.0162462476734809
"MAP_65916",0.139223853236821,-0.615592945068556,-0.503019579026943
"MAP_65922",1.61872324707079,-0.222814196934923,0.612572263941307
"MAP_65925",1.14830133155459,-0.147077381877202,0.395596294710093
"MAP_65925",1.04194646972566,-0.551614960706808,0.0966162849144591
"MAP_65927",-1.70849014074252,-1.01590519806284,-0.929582401874974
"MAP_65934",0.101116153669722,-1.00333137500493,-0.613620240023706
"MAP_65945",0.425337548790559,-0.80358272996804,0.127959148465189
"MAP_65945",-1.19672308441833,-1.57585991148876,-0.76421477016693
"MAP_65947",1.42538501477495,-0.0080775055040923,0.566309510522568
"MAP_65947",1.28199763701815,-0.0870063889093006,0.188337927322392
"MAP_65948",0.419661522183307,-0.897947839568533,-0.379603161339278
"MAP_65948",0.327542093740371,-0.963138624579057,-0.54738287169638
"MAP_65957",-1.5609024941097,-0.827862414917263,0.243778319925081
"MAP_65968",1.20039603622988,-0.25663874900877,0.366925772797517
"MAP_65970",0.686809432449588,-0.231649107006674,0.0835009826085794
"MAP_65975",1.66662951016139,-0.264383579095683,0.512296218875631
"MAP_65975",1.65624892725037,-0.245929850352211,0.495700169932077
"MAP_65978",-0.0771639504751697,-0.534039883308584,0.216729180036551
"MAP_65984",0.998179163040788,-0.788304373633969,0.137517862059357
"MAP_65984",0.867498240607392,-1.07780066975914,0.0135408267884886
"MAP_65984",0.778019776385996,-0.99802320057525,-0.0296635272842497
"MAP_65990",-2.44365048187152,-0.809394969624748,0.166061801120627
"MAP_66000",0.699696853155093,-0.531785996426122,-0.055341460488246
"MAP_66002",-2.16838957297131,-1.36558412540907,-1.10026600719511
"MAP_66002",-3.20649019958003,-1.61218118840036,-1.08908712655321
"MAP_66004",0.589094926776994,-0.581432099880567,-0.131480130308347
"MAP_66035",1.63894817305633,-0.083457701620256,0.693165620737818
"MAP_66045",0.175520307705217,-0.417873091009717,-0.613660159993666
"MAP_66045",-0.556616693467813,-0.721579865710475,-0.955135948179942
"MAP_66045",-1.76746772748494,-1.1907481372299,-1.15740013531102
"MAP_66048",0.734881907187632,-0.0875728089475178,0.0279207915938694
"MAP_66048",0.238562228017392,-0.605474470725804,-0.0866825212626241
"MAP_66048",0.682335220604338,-0.0691224115885646,0.29267906031194
"MAP_66055",-0.4831109194704,-0.734512029260852,-0.852849764903443
"MAP_66063",-0.0401605988350138,-1.03651396229743,0.0128113124598029
"MAP_66063",0.0999817369747966,-0.65990771060259,0.00205627852840501
"MAP_66068",0.794365744242717,-0.432824569032404,0.0136340279486821
"MAP_66073",1.14763631712427,-0.435443936932588,0.463137976128998
"MAP_66073",1.2356237481078,-0.35119303738159,0.422220331862241
"MAP_66073",0.992492839300816,-0.434221868710926,0.29580197768512
"MAP_66087",1.14368366094363,-0.297722712721746,0.22145252298058
"MAP_66087",0.957357253662976,-0.230653379229255,0.000298357955093777
"MAP_66094",-0.238330655275793,-1.15581879273369,-0.634271094522824
"MAP_66095",-1.66648495959711,-0.7345959481142,-0.321484741515877
"MAP_66100",0.204844275274666,-0.986724643573688,-0.243687429245243
"MAP_66115",-0.448991930720592,-0.398052257075991,-0.535045815678564
"MAP_66119",-0.48703619113718,-0.55789428215889,-0.754641155974239
"MAP_66124",1.1242269706774,-0.0361222621873811,0.0993742679129537
"MAP_66143",1.68057917136949,-0.201265814136465,0.747120289960723
"MAP_66168",-2.50269615074208,-0.986142993228895,-0.283336874540612
"MAP_66188",0.421596013527225,-0.943573204745022,0.0134079812297249
"MAP_66194",0.689494075633915,-0.396349167406965,0.796388357002298
"MAP_66197",-2.53516460475362,-1.25353929701697,-0.347866289694297
"MAP_66197",-3.93720462210157,-1.57063310335768,-0.252117981631103
"MAP_66206",-0.966953022584871,-0.877681887763693,-0.921647441986847
"MAP_66210",1.01185916335339,-0.168152789904137,0.0772320123840034
"MAP_66241",-3.47401002402691,-1.9575058697196,-0.533214258457247
"MAP_66246",0.108838200955238,-0.936731547366343,-0.0359232819615568
"MAP_66246",-0.109139572387594,-0.844034599386591,0.161391324405913
"MAP_66250",-5.12790032679255,-1.85703714218133,-0.197216011095989
"MAP_66250",-5.82199038008508,-1.93719844338732,0.373590392732767
"MAP_66273",0.325169625905412,-1.05901650104669,-0.514549547310365
"MAP_66280",-2.10106725640339,-1.23920252300604,-1.04695795823273
"MAP_66282",-0.511088901046904,-1.15465460158436,-1.13440678795563
"MAP_66282",-0.876144838305741,-1.04546514484348,-0.990513746283072
"MAP_66333",1.10065792103712,-0.445780293440744,0.0928660074400515
"MAP_66364",-0.460870067419389,-1.18699363717547,-0.755785196800913
"MAP_66364",-2.66989865607588,-1.77805140349416,-1.10173614230948
"MAP_66377",0.166007701989596,-0.93218219629805,-0.249121042146202
"MAP_66395",1.73950939123484,-0.140923213291451,0.569211766081482
"MAP_66395",0.662607503316386,-0.364528466313657,-0.294199448216098
"MAP_66410",0.579383117044725,-0.983098535014999,-0.267603252577297
"MAP_66503",0.573245340961477,-0.676543407688754,0.171802681889897
"MAP_66546",-1.72661245242983,0.147486774492785,1.93838854942546
"MAP_66593",0.595811030633353,-0.0986956454731324,0.220896437398328
"MAP_66659",-0.217707548313954,-0.764516201939397,-0.819636370180559
"MAP_66881",1.55637713047542,0.0753159464786427,0.47967009908266
"MAP_66884",0.0327700482674572,-0.0950917073003626,0.264772903980515
"MAP_66896",1.83399796962485,-0.192575922014766,0.889861432326635
"MAP_66907",1.29176185553407,-0.419496425604912,0.388111838652752
"MAP_66919",1.03661796787216,-0.137084205889491,0.0908678723617376
"MAP_66921",1.66816955678185,-0.329029007846988,0.56666458929619
"MAP_66926",1.89051176951299,-0.0975315734587614,0.918567461350904
"MAP_66932",-0.385641792061033,0.296389289741107,1.73601126921587
"MAP_66935",1.16627981938449,-0.296025393826877,0.463642786198749
"MAP_66940",1.61650764603325,-0.40687900444102,0.494348988650369
"MAP_66944",2.12203627181472,-0.222886062238011,0.942280969159052
"MAP_66947",-0.394892576109277,-0.545495455358799,-0.371649051071084
"MAP_66948",1.47545324954534,-0.358572404265062,0.46173383257477
"MAP_66961",1.51199265322877,-0.169442080782064,0.530784593037342
"MAP_66963",1.87512034250862,-0.357099137300515,0.758795325035477
"MAP_66979",1.54674010902961,-0.149692571481833,0.596202105935433
"MAP_66994",1.98674247033523,-0.291713627789263,0.907986334001786
"MAP_66999",0.852757583053992,-0.559843200053589,-0.0963973637317473
"MAP_67003",0.645697494623104,-0.598210450501183,-0.407159006746437
"MAP_67010",0.849281371303841,0.154899851445331,-0.0370595150281463
"MAP_67013",1.33226287571387,-0.39560798605882,0.283818997898224
"MAP_67019",0.58070457574257,-0.694348012259581,-0.257963457283157
"MAP_67024",-0.5209412620225,-0.85717361330849,0.0434963055038474
"MAP_67024",0.0344359428257036,-0.6510542502722,0.431095483559656
"MAP_67034",0.679990855570706,-0.700584047657226,0.262443258303718
"MAP_67034",-0.163863585271887,-1.348600937079,-0.331356750143818
"MAP_67038",0.730538753568233,-0.407209828573349,0.108650411271144
"MAP_67068",0.991703081487787,-0.29086335380344,0.130024171051923
"MAP_67078",0.426896178436793,-0.901636481834678,-0.0337181266179587
"MAP_67095",1.03262459800028,-0.296413287460577,0.343718591907397
"MAP_67099",1.03878823704288,-0.265197001925414,0.140112522641988
"MAP_67103",1.28273426672236,-0.150819175837969,0.329923329426603
"MAP_67103",1.54343454240557,-0.138998168803152,0.62459276857284
"MAP_67111",0.994207440365397,-0.435350844678013,0.0760952424452385
"MAP_67111",1.10370206759618,-0.259053807241761,0.128028939174707
"MAP_67157",1.43396974634106,-0.393880157045698,0.575696301601303
"MAP_67159",0.162252777944277,-0.334612804274676,-0.531201141034608
"MAP_67160",0.593063889207775,-0.45622976886597,-0.300437716927413
"MAP_67164",0.604080050272895,-0.552923819601524,-0.161536242943095
"MAP_67164",0.654937433823455,-0.145772208758207,0.0675035763748938
"MAP_67168",1.1039281892738,-0.281874869796604,0.147671706502945
"MAP_67170",0.743401656113554,-0.314253372804103,-0.331857319346986
"MAP_67170",0.218010622388725,-0.50431909343707,-0.6089994814263
"MAP_67174",0.398125825692636,-0.784121466152648,-0.0999790418268008
"MAP_67180",0.439892498768929,-0.276443443695979,-0.379414976270496
"MAP_67180",-0.388461223317074,-0.735479842302274,-1.09520125013188
"MAP_67184",0.629059246276007,0.00308607395170233,-0.442426480113522
"MAP_67189",0.183419349804184,-0.661975644367454,0.198255584001305
"MAP_67189",-0.991345321142654,-0.889868471558537,0.245486303424397
"MAP_67191",1.82563947647516,-0.180261952361227,0.735617330672718
"MAP_67197",-0.337068838547387,-1.15371648356105,-0.362358557859897
"MAP_67197",0.213174869712785,-0.404692047245992,-0.225951361383095
"MAP_67198",1.64007763781678,-0.0875039517755543,0.633713769059254
"MAP_67216",-0.762789944018237,-1.0958511474256,-0.704602125476099
"MAP_67216",-0.155449269406433,-0.755642903584715,-0.226382516110588
"MAP_67218",0.206595337200993,-0.000685917952963628,-0.409345569587461
"MAP_67218",-0.0736553780434899,-0.0330483648152944,-0.368453498560487
"MAP_67225",1.52076008114021,-0.312734337940638,0.439019890001372
"MAP_67248",0.512168946233008,-0.59920421140185,-0.277992231138745
"MAP_67248",1.09139128072741,-0.0832617776400835,0.242069843158115
"MAP_67256",-1.30310652512357,-1.29400962470111,-1.05656258765272
"MAP_67256",-1.67914891753977,-1.11652026556005,-0.72462642862821
"MAP_67261",0.272534742312439,-0.792276598863786,-0.361527016799249
"MAP_67277",-1.25998085187325,-1.52092096552914,-0.904966660841193
"MAP_67278",-2.05156751298814,-1.40573438180595,-0.463717507080925
"MAP_67280",0.188166780245965,-0.918500852404457,-0.440385572234947
"MAP_67330",1.96328229694284,-0.204592663112187,0.924223188604293
"MAP_67359",1.79149952082465,-0.0948289546445661,0.677612179428534
"MAP_67364",1.13921542162627,-0.155203323237728,0.192171155159028
"MAP_67377",-0.520377164951781,-1.10478519844118,-0.667848529950509
"MAP_67398",1.37037845688772,-0.257808170011239,0.510739205199831
"MAP_67449",1.961098718619,-0.300404809618342,0.921098991793044
"MAP_67481",1.16326637768697,-0.217093097641881,0.0188582328125097
"MAP_67484",1.2995920021468,-0.374060535848306,0.49930232307042
"MAP_67485",1.62223407617834,-0.217174908203205,0.574615583957079
"MAP_67496",1.71660392911399,-0.15262590824718,0.734363606037011
"MAP_67500",1.57319684769983,0.00550818328449129,0.457926652148276
"MAP_67506",1.11698417756806,-0.40998159531361,0.174719238844313
"MAP_67510",0.900754312696813,-0.77368508372967,0.0631245356068458
"MAP_67522",1.71747274725399,-0.392577416006905,0.648293163291264
"MAP_67524",1.04498924357754,-0.521478405622646,0.144430088708765
"MAP_67533",1.2527224708766,-0.421767784571107,0.25424884899937
"MAP_67535",0.860176053551631,-0.473133427025256,-0.0721650524002541
"MAP_67538",0.506097720842481,0.0777110187222034,0.0279663870209303
"MAP_68007",1.09623429843361,-0.617521904248277,0.113827086121911
"MAP_68007",0.853689741489478,-0.486256966007195,-0.0919549976898111
"MAP_68007",0.707962846965813,-0.403829855858238,-0.158656838122451
"MAP_68012",-0.363232241120837,-1.23401775254974,-0.738024751247212
"MAP_68015",0.103850879123989,-0.873616653122335,-0.410169649084997
"MAP_68015",-0.046196133637219,-0.794077338599527,-0.424755719415584
"MAP_68031",-1.41649211186403,-1.42672550486409,-1.26724905050591
"MAP_68043",1.02142588446754,-0.372659705128318,-0.103226472224397
"MAP_68043",0.731497159740692,-0.175521835710007,-0.372810383047808
"MAP_68043",0.392233724376499,-0.355099967954454,-0.48379783074216
"MAP_68055",-0.515157263000598,-0.686014449173528,-0.439114119545766
"MAP_68071",0.535421103056292,-1.09382024332212,-0.235275894065865
"MAP_68077",0.903116945646587,-0.277309371303976,0.409828237033591
"MAP_68077",0.864061059784569,-0.174167361818494,0.301380621820302
"MAP_68077",0.286394693401228,-0.419607585600857,0.0957861717757041
"MAP_68080",-0.283205939312776,-0.815897806327559,-0.987705156518417
"MAP_68093",0.837395475456286,-0.424107679405771,-0.0907599498445695
"MAP_68103",0.982757756245726,-0.0275598111031647,0.597760607403042
"MAP_68113",-3.80898675376028,-1.26883980917984,0.365367707083839
"MAP_68128",0.500816196022778,-0.671577891911378,-0.364614852527041
"MAP_68130",-0.885674899981443,-0.381159365120372,-0.640016163185232
"MAP_68136",1.20565162559614,-0.419709459402914,0.144133306917287
"MAP_68136",0.969877251053167,-0.587367512319392,-0.0132753392707957
"MAP_68138",-2.16301584510972,-1.19709586591622,-0.722383821229277
"MAP_68155",-0.667309417701731,-1.17509685947834,-0.930352412414818
"MAP_68161",-0.725643599508802,-0.785812059887959,-1.04182994940492
"MAP_68162",0.326469068635243,-0.309635243102268,-0.70668898348216
"MAP_68169",-0.527487456601932,-0.41284950654841,-0.452333492211492
"MAP_68169",-1.08093544466271,-0.511703079474251,-0.336092172983858
"MAP_68180",-0.569858899128391,-1.17628318671333,-0.686285349373436
"MAP_68181",-0.641600485823882,-1.06749039058569,-0.507263721415202
"MAP_68189",-3.27423820268532,-1.80415486595562,-0.666541176739987
"MAP_68197",-7.72184172921695,-0.840183086795039,4.93503441252445
"MAP_68203",-2.32491542982683,-1.39903132763585,-0.762933169008909
"MAP_68205",-0.195127745826786,-0.759674400209732,0.392329062718602
"MAP_68205",-2.9806803756335,-1.19685981951624,1.02397290360149
"MAP_68206",0.525172075631306,-0.513514622241472,-0.274086284917821
"MAP_68209",0.669047148041141,-0.355239110557728,-0.212412065184946
"MAP_68226",-1.79997588224554,-1.47194770314281,-1.04077531113441
"MAP_68229",-0.198925917448848,-0.582672814277082,0.32081623959489
"MAP_68229",-0.50254437322133,-0.648988607327072,0.200687838442514
"MAP_68236",-0.809578832143783,-0.802900835626605,-0.297023545708711
"MAP_68240",0.0620880262747645,-0.421677262876841,-0.716068167240975
"MAP_68244",0.913609353150244,-0.337622721064337,-0.158822747143907
"MAP_68248",-1.52114863635154,-1.61937494705769,-1.03763537452294
"MAP_68250",0.707921970793224,-0.00587404681648764,-0.217590957624727
"MAP_68261",-0.904892144639166,-1.35322861131875,0.30498166571164
"MAP_68268",-0.855397943867288,-1.39357923983857,1.15894919183962
"MAP_68276",0.895209430609625,-0.10117683792193,-0.0896995461209185
"MAP_68282",0.797153654994136,-0.698327549750554,0.0400464321835798
"MAP_68285",-0.151383913406468,-0.0262787256619193,0.175802280638312
"MAP_68289",-1.74188074442074,-0.646163488167348,-0.0963405712778806
"MAP_68294",-1.54953843054486,-1.35427718294337,-0.590222233998387
"MAP_68299",0.620915614393617,-0.897528645503649,-0.0408954692773931
"MAP_68300",-0.338067444054992,-0.982586525249574,-0.653929296493065
"MAP_68301",-0.2305290503861,-1.2713145995163,-0.426483418497658
"MAP_68306",0.299070808444633,0.0407794768653484,0.0229727975611069
"MAP_68309",-0.78979101998306,-0.95245807110123,-1.1010093667094
"MAP_68319",-0.303029397853217,-0.305115966627737,0.494080502866708
"MAP_68328",-0.596288444775755,-0.696497475067739,-0.952496978872812
"MAP_68333",0.273004916904033,-0.368058515614997,-0.512206464778926
"MAP_68343",-3.62160627012072,-1.70480975567933,1.24343031801122
"MAP_68345",-1.99555190936209,-0.903295458062168,-0.825886387452243
"MAP_68349",0.405669963336181,-0.29879914043913,-0.642647719947352
"MAP_68349",-0.0876877388615559,-0.691459294182428,-0.905375136393683
"MAP_68359",0.468339649758469,-0.421720655138559,0.0952549536986173
"MAP_68363",0.175201811410428,-0.302377759020851,-0.580897378072177
"MAP_68364",-0.226786370482076,-1.04821286257526,-0.549929956808058
"MAP_68374",0.386938240454059,-0.80590154388034,1.23583379495751
"MAP_68379",0.966409136026109,-0.622367780541251,0.258073251744828
"MAP_68382",-1.15832284258766,-1.3826665189793,-0.95880193941638
"MAP_68397",-5.08472283253609,-0.674360263033313,2.53332343358477
"MAP_68405",0.0686199285971907,-0.795697709983836,-0.51102053134874
"MAP_68407",0.0453620913433469,-0.920395345113766,-0.356857896925808
"MAP_68417",1.32476545143316,-0.285628964914283,0.321216077184402
"MAP_68433",0.419911125701098,-0.485085403932856,-0.341701193712795
"MAP_68435",0.452924324084815,-0.0670901743733,-0.30747299843089
"MAP_68439",-2.29878389534466,-1.57009663186755,-1.15157289371984
"MAP_68444",1.66672783840973,-0.501745193357671,0.708329952802429
"MAP_68456",-0.251869120840857,-1.13174857859609,0.905704372290724
"MAP_68476",1.52975847872163,-0.483512811997372,0.624770423814304
"MAP_68476",1.76820414634163,-0.29848857092932,0.748631545074582
"MAP_68477",0.270343212222907,-0.522506278119969,-0.457157049240539
"MAP_68489",-0.0743473339342764,-0.842113789815847,-0.0751708186460751
"MAP_68495",-4.878752854258,-0.814021166109563,1.5428535113767
"MAP_68510",0.583906578177328,-0.41636243383536,-0.252236940026622
"MAP_68510",0.778425300625588,-0.140689976493441,-0.0761945781347512
"MAP_68521",0.417849906217769,-0.532544855976728,0.241781249823505
"MAP_68524",-1.68932910359465,-0.851075205402912,-1.11830011779548
"MAP_68524",-2.11619792982322,-1.10911038868523,-1.04538066550849
"MAP_68533",1.05864287393865,-0.392772717197018,0.102658662797121
"MAP_68539",-6.78046180015359,-0.335144049805244,5.12409493903087
"MAP_68545",1.53178665266039,-0.278312306467452,0.503026142069924
"MAP_68557",-0.0249422343865799,-0.767850391655344,-0.209658512848023
"MAP_68568",0.847851831956652,-0.883141137489717,-0.00068756120650835
"MAP_68595",-2.20604070404059,-1.20919788145929,-0.564968595206698
"MAP_68597",0.802033898088264,-0.580600148955465,0.0574760764571376
"MAP_68602",-0.812219612750503,-0.877884464699408,-0.538315924248434
"MAP_68602",-2.30005053127023,-1.22283825837221,-0.416521260032391
"MAP_68604",0.894800536981975,-0.352644946953644,0.00211687792491461
"MAP_68604",0.698090034608786,-0.155864650720316,-0.303809719585166
"MAP_68613",1.05833189089701,-0.348637106543839,0.336132635569617
"MAP_68625",0.0176124569286712,-1.01322312608391,0.0315393978105274
"MAP_68629",0.458281953327528,-0.647985294305227,-0.160926871410401
"MAP_68639",0.514152827486593,-0.562425427942427,-0.502795883934692
"MAP_68639",0.303372832091145,-0.738142575724514,-0.552391078903186
"MAP_68646",0.375134656661991,-0.0429997966300787,-0.134374730646841
"MAP_68646",1.00808868735435,0.126351851939605,0.0510352525129381
"MAP_68661",-0.340413846314665,-0.730355699587332,-0.627724453714945
"MAP_68661",-1.29146033379639,-1.06172239795266,-0.876257168363634
"MAP_68681",0.662341122856633,-0.753339271482001,0.065075759075087
"MAP_68681",0.411103105031913,-0.761206193503912,-0.210275422307913
"MAP_68683",-1.98100693099492,-0.0439098989174218,0.314025886154888
"MAP_68689",-3.26369029880761,-1.69197259600971,-1.27649828143051
"MAP_68777",1.52339600667618,-0.280494814527059,0.651487848696574
"MAP_68780",1.4543612784646,0.0543521807864915,0.499397579591902
"MAP_68793",-0.17983624248116,-0.702706010736567,0.39885612138422
"MAP_68794",0.228905917631986,-0.306696444929267,-0.133897182349223
"MAP_68800",-1.40036209844701,-0.257682121812417,0.782613762538337
"MAP_68804",-0.324112481751873,-1.68285163787987,-0.284626557358091
"MAP_68806",-0.262819405687114,-0.245274064552874,-0.60258396175191
"MAP_68808",0.40324958103291,-0.390489172116307,-0.306220835224475
"MAP_68817",1.00395203465956,-0.395267753574562,0.192426674331909
"MAP_68818",0.470063349087091,-0.704760688364559,0.444410330801829
"MAP_68836",-1.86504180307729,-1.31965146451759,-0.662825518049858
"MAP_68839",0.697921362616787,-0.0210614693128417,0.0456562619217359
"MAP_68849",-3.08385937151507,-0.962041764199546,0.0678326302101739
"MAP_68853",-5.80439762095689,-2.02730491262071,-0.229109468060687
"MAP_68858",0.71355188109347,-0.698265906440956,0.0525503401363546
"MAP_68859",-0.701141543428339,-0.672419136953921,1.85278888011823
"MAP_68863",0.182966200559336,-0.580949989360065,-0.109463339108795
"MAP_68872",1.16640389459554,-0.221163490826212,0.13022654154422
"MAP_68896",0.67141638408085,-0.252362342834053,0.148469616783228
"MAP_68939",1.54366627391057,-0.0142827742235569,0.421564968278325
"MAP_68941",1.04653965077064,0.131938045580536,0.181232206281091
"MAP_68958",-0.32852526093819,-1.17247302236216,-0.723350019968824
"MAP_68994",-1.24887537958407,-0.807765670789426,-0.790416654660816
"MAP_69026",0.962107432911533,-0.375976225909062,0.875945030843368
"MAP_69038",1.02636175335237,-0.41681638508117,0.120262731494107
"MAP_69158",0.169285698869288,-0.330349165773892,-0.480219681218337
"MAP_69238",-3.16503170284907,-0.270907230572994,2.29054305553828
"MAP_69271",-1.68643849354152,-1.41258624851481,-1.43199397266305
"MAP_69275",-0.45481181095594,-0.464331015672759,-0.623485424716482
"MAP_69343",-2.23215039745897,-1.06800311355245,-1.08793172063846
"MAP_69353",-1.8896680721098,-1.02668475268006,-0.776899167954721
"MAP_69376",0.00396179577093724,-1.26296252831994,-0.696681802802489
"MAP_69377",-1.85233597704276,-1.51431049058033,-1.47220596334228
"MAP_69380",-6.1192452590712,-1.65538666732744,0.450169899024108
"MAP_69383",0.438826498393259,-0.116092123008079,-0.390113594709595
"MAP_69386",0.686252465098676,0.252172711879191,0.461474083048303
"MAP_69398",1.32921102053613,-0.390732603658953,0.371756088545542
"MAP_69417",0.193556595499227,-0.765337249388894,-0.73205068883446
"MAP_69441",-1.63831917858192,-1.10766795725363,-0.515031292146481
"MAP_69450",0.926102879468004,-0.541201032799822,0.15243845644662
"MAP_69459",-0.720580350729255,-1.32860066006982,-0.505502820191189
"MAP_69478",-1.15658201766963,-0.929502707500823,-0.986552727301584
"MAP_69485",0.316874509120674,-0.719152093960722,-0.328679524810421
"MAP_69500",-1.08267902457329,-0.554044470724368,-0.56192662139929
"MAP_69513",-0.612011009293887,-0.514714677629889,-0.756082384070649
"MAP_69514",0.860275106416797,-0.415492563540218,-0.0188437026788617
"MAP_69517",0.880417902153469,-0.00713040267783858,0.151789979741896
"MAP_69534",0.454159649459717,-1.00683625709678,-0.256947069367027
"MAP_69543",0.831164033456405,-0.633229456791978,0.0151200760494438
"MAP_69564",0.143115062362684,-0.471976741117196,-0.896142288179661
"MAP_69566",0.914262143943938,-0.57401034324281,0.0198103382767328
"MAP_69569",0.862690657955247,-0.55419317527662,-0.0172241656588684
"MAP_69582",0.0688081753937779,-0.553294720208802,-0.462420215273688
"MAP_69592",-2.3516519373832,-1.15082720010429,-0.895281318470654
"MAP_69594",-4.27700661169074,-1.83491909088101,0.301076849492299
"MAP_69614",1.25156541132527,-0.367525207721119,0.231791649619631
"MAP_69620",1.02569288883783,-0.700473769643626,0.0881446505349245
"MAP_69620",1.02569288883783,-0.700473769643626,0.0881446505349245
"MAP_69632",-0.594962237579906,-1.14616243935778,-0.773261284680584
"MAP_69693",-0.0259244413515236,-0.812637580616495,-0.576544446910441
"MAP_69708",0.227254931246005,-0.612645193378008,-0.31406204702658
"MAP_69750",0.674612088270303,-0.305616644402108,0.27550454715696
"MAP_72138",0.283294011436035,-0.151886275806763,-0.587116619012926
"MAP_74001",1.51162348644781,0.0157654918955053,0.682616648193236
"MAP_74006",1.96735148935445,-0.314073000994544,0.864089119264265
"MAP_74006",1.96735148935445,-0.314073000994544,0.864089119264265
"MAP_74008",1.14322434204079,-0.164865499783594,0.112685167188606
"MAP_74028",1.48882842563728,-0.285229636540714,0.386766098674349
"MAP_82674",-0.785430944202882,-0.993661954903529,-0.971892386151759
"MAP_83673",1.00921016595979,-0.062928912810308,0.062389705139793
"MAP_84588",-3.4542652738146,-1.3723868647586,0.173512375438984
"MAP_84798",1.42416584374156,-0.178439836206329,0.493554920505319
"MAP_84798",1.41198575978504,-0.260654847579645,0.527541512477794
"MAP_84798",-0.0692603456445044,-0.625790475592847,-0.62770588526156
"MAP_84798",0.443980939269901,-0.290694130986547,-0.0939659038512862
"MAP_84799",1.2939997879195,0.015398875408061,0.322064717205537
"MAP_84834",1.21702731212114,0.0771456948294337,0.386660889149414
"MAP_84834",0.434223266808152,-0.0701003699309871,-0.0198588706627766
"MAP_84847",0.147948077283461,-0.479916408333143,-0.110407591728726
"MAP_84868",0.155677764467326,-0.436296578681562,-0.315821986112748
"MAP_84888",-0.272086648731036,-0.717597759097913,-0.539796734422504
"MAP_85150",0.916060949117729,0.117574033532805,0.0514973245385915
"MAP_85191",1.57099894302379,-0.41167259605056,0.543430087567922
"MAP_85192",-0.491583465058195,-1.27347930684345,-0.791806944314113
"MAP_85449",1.4476852080963,0.161252061186621,0.42322494519109
"MAP_86142",-0.402632045705581,-1.47669687761651,-0.232232943738751
"MAP_86153",0.396179494485644,-0.425633004093201,-0.309789046540792
"MAP_86364",-2.69623140348076,-1.10790082803257,0.0982561275597431
"MAP_86519",0.639418427052731,-0.624099021881052,-0.0632500893410709
"MAP_86619",-0.471747676836233,-0.944793652608235,-0.997125072204925
"MAP_86619",-0.0944511101610424,-0.605866071707135,-0.555492748322673
